"";"call";"param";"hash";"type";"error"
"1";"5";"1";"b0721330114127257ca3e501726453432370dfcf";"0";"Error in if (ncol(X) > 1) 1:ncol(X): argument is of length zero
"
"2";"2";"0";"0";"0";"Error in if (ncol(X) > 1) 1:ncol(X): argument is of length zero
"
"3";"3";"0";"0";"0";"Error in if (ncol(X) > 1) 1:ncol(X): argument is of length zero
"
"4";"4";"0";"0";"0";"Error in if (ncol(X) > 1) 1:ncol(X): argument is of length zero
"
"5";"5";"0";"0";"0";"Error in if (ncol(X) > 1) 1:ncol(X): argument is of length zero
"
